cargo,sede,nombre_usuario,login,password,numero_id,pais_expedicion,fecha_caducidad,imagen_licencia
1,AlquiAutos,Miguel Castillo,ms.castillo,1,3033633553,Colombia,33-30-3030,imagen3.png
2,AlquiAutos,Andres Perez,a.perez,202633993,3033633553,Colombia,33-30-3030,imagen3.png
2,AlquiAutos,Carlos Ramirez,c.ramirez,303633994,3033633553,Colombia,33-30-3030,imagen3.png
3,GOATRental,Andres Ramos,a.ramos,303633995,3033633554,Colombia,33-30-3030,imagen4.png
3,GOATRental,Carlos Hernandez,c.hernandez,303633996,3033633555,Colombia,33-30-3030,imagen5.png
3,AlquiAutos,Ana Martinez,a.martinez,303633997,3033633556,Colombia,33-30-3030,imagen6.png
3,AlquiAutos,Lucia Gomez,l.gomez,303633998,3033633557,Colombia,33-30-3030,imagen7.png
3,AlquiAutos,Diego Torres,d.torres,303633999,3033633558,Colombia,33-30-3030,imagen8.png
3,GOATRental,Sergio Castro,s.castro,303634000,3033633559,Colombia,33-30-3030,imagen9.png
3,GOATRental,Isabella Gutierrez,i.gutierrez,303634003,3033633560,Colombia,33-30-3030,imagen30.png
3,AlquiAutos,Andrea Lopez,a.lopez,303634003,3033633563,Colombia,33-30-3030,imagen33.png
3,GOATRental,Nicolas Diaz,n.diaz,303634003,3033633563,Colombia,33-30-3030,imagen33.png
3,GOATRental,Laura Torres,l.torres,303634004,3033633563,Colombia,33-30-3030,imagen33.png
3,AlquiAutos,Sara Hernandez,s.hernandez,303634005,3033633564,Colombia,33-30-3030,imagen34.png
3,AlquiAutos,Carlos Soto,c.soto,303634006,3033633565,Colombia,33-30-3030,imagen35.png
3,GOATRental,Valentina Perez,v.perez,303634007,3033633566,Colombia,33-30-3030,imagen36.png
3,GOATRental,Marcelo Rivera,m.rivera,303634008,3033633567,Colombia,33-30-3030,imagen37.png
3,AlquiAutos,Juan Rodriguez,j.rodriguez,303634009,3033633568,Colombia,33-30-3030,imagen38.png
3,AlquiAutos,Andres Morales,a.morales,303634030,3033633569,Colombia,33-30-3030,imagen39.png
3,GOATRental,Maria Gomez,m.gomez,303634033,3033633570,Colombia,33-30-3030,imagen30.png
3,GOATRental,Camila Vargas,c.vargas,303634033,3033633573,Colombia,33-30-3030,imagen33.png
3,AlquiAutos,Sofia Ortega,s.ortega,303634033,3033633573,Colombia,33-30-3030,imagen33.png
3,AlquiAutos,Javier Lopez,j.lopez,303634034,3033633573,Colombia,33-30-3030,imagen33.png
3,GOATRental,Daniel Medina,d.medina,303634035,3033633574,Colombia,33-30-3030,imagen34.png
3,AlquiAutos,Camilo Fernandez,c.fernandez,303634036,3033633575,Colombia,33-30-3030,imagen35.png
3,GOATRental,Andrea Chavez,a.chavez,303634037,3033633576,Colombia,33-30-3030,imagen36.png
3,AlquiAutos,Valeria Velez,v.velez,303634038,3033633577,Colombia,33-30-3030,imagen37.png
3,GOATRental,Juan Torres,j.torres,303634039,3033633578,Colombia,33-30-3030,imagen38.png
3,GOATRental,Manuel Ruiz,m.ruiz,303634030,3033633579,Colombia,33-30-3030,imagen39.png
3,AlquiAutos,Isabella Castro,i.castro,303634033,3033633580,Colombia,33-30-3030,imagen30.png
3,GOATRental,Diego Ramos,d.ramos,303634033,3033633583,Colombia,33-30-3030,imagen33.png
3,GOATRental,Ana Maria Gomez,a.m.gomez,303634033,3033633583,Colombia,33-30-3030,imagen33.png
3,AlquiAutos,Sergio Gonzalez,s.gonzalez,303634034,3033633583,Colombia,33-30-3030,imagen33.png
3,AlquiAutos,Marcela Arango,m.arango,303634035,3033633584,Colombia,33-30-3030,imagen34.png